[{"model": "admin.logentry", "pk": 1, "fields": {"action_time": "2024-03-13T08:32:48.969Z", "user": 1, "content_type": 6, "object_id": "1", "object_repr": "sj", "action_flag": 2, "change_message": "[{\"changed\": {\"fields\": [\"Birth date\"]}}]"}}, {"model": "admin.logentry", "pk": 2, "fields": {"action_time": "2024-03-13T08:44:23.400Z", "user": 1, "content_type": 6, "object_id": "1", "object_repr": "sj", "action_flag": 2, "change_message": "[{\"changed\": {\"fields\": [\"birth_date\"]}}]"}}, {"model": "admin.logentry", "pk": 3, "fields": {"action_time": "2024-03-13T11:34:11.352Z", "user": 1, "content_type": 6, "object_id": "1", "object_repr": "sj", "action_flag": 2, "change_message": "[{\"changed\": {\"fields\": [\"Date joined\"]}}]"}}, {"model": "admin.logentry", "pk": 4, "fields": {"action_time": "2024-03-13T12:47:48.651Z", "user": 1, "content_type": 6, "object_id": "5", "object_repr": "staff_user", "action_flag": 2, "change_message": "[{\"changed\": {\"fields\": [\"First name\", \"Last name\", \"Gender\", \"Staff status\"]}}]"}}, {"model": "admin.logentry", "pk": 5, "fields": {"action_time": "2024-03-18T13:55:43.469Z", "user": 1, "content_type": 7, "object_id": "1", "object_repr": "Sushi Spectacular: The Art of Rolling & Presentation - cooking_class", "action_flag": 1, "change_message": "[{\"added\": {}}]"}}, {"model": "admin.logentry", "pk": 6, "fields": {"action_time": "2024-03-18T15:24:43.150Z", "user": 1, "content_type": 7, "object_id": "2", "object_repr": "Cupcake Creations: From Classic to Couture - cooking_class", "action_flag": 1, "change_message": "[{\"added\": {}}]"}}, {"model": "admin.logentry", "pk": 7, "fields": {"action_time": "2024-03-18T15:25:26.482Z", "user": 1, "content_type": 7, "object_id": "3", "object_repr": "Italian Home Cooking: Rustic to Refined - cooking_class", "action_flag": 1, "change_message": "[{\"added\": {}}]"}}, {"model": "admin.logentry", "pk": 8, "fields": {"action_time": "2024-03-18T15:28:12.304Z", "user": 1, "content_type": 7, "object_id": "4", "object_repr": "Farm to Fork: Seasonal Cooking with Local Produce - cooking_class", "action_flag": 1, "change_message": "[{\"added\": {}}]"}}, {"model": "admin.logentry", "pk": 9, "fields": {"action_time": "2024-03-19T22:31:01.643Z", "user": 1, "content_type": 7, "object_id": "5", "object_repr": "Cupcake Creations: From Classic to Couture - cooking_class", "action_flag": 1, "change_message": "[{\"added\": {}}]"}}, {"model": "admin.logentry", "pk": 10, "fields": {"action_time": "2024-03-19T22:31:51.993Z", "user": 1, "content_type": 7, "object_id": "6", "object_repr": "Cheese and Wine Pairing Experience - tasting_event", "action_flag": 1, "change_message": "[{\"added\": {}}]"}}, {"model": "admin.logentry", "pk": 11, "fields": {"action_time": "2024-03-19T22:37:22.200Z", "user": 1, "content_type": 7, "object_id": "7", "object_repr": "Chocolate Indulgence: A Tasting Journey - cooking_class", "action_flag": 1, "change_message": "[{\"added\": {}}]"}}, {"model": "admin.logentry", "pk": 12, "fields": {"action_time": "2024-03-19T22:37:52.285Z", "user": 1, "content_type": 7, "object_id": "7", "object_repr": "Chocolate Indulgence: A Tasting Journey - tasting_event", "action_flag": 2, "change_message": "[{\"changed\": {\"fields\": [\"Event type\", \"Slug\"]}}]"}}, {"model": "admin.logentry", "pk": 13, "fields": {"action_time": "2024-03-19T22:40:55.228Z", "user": 1, "content_type": 7, "object_id": "8", "object_repr": "Global Street Foods: A Culinary Adventure - cooking_class", "action_flag": 1, "change_message": "[{\"added\": {}}]"}}, {"model": "admin.logentry", "pk": 14, "fields": {"action_time": "2024-03-19T22:41:48.173Z", "user": 1, "content_type": 7, "object_id": "9", "object_repr": "Craft Beer Exploration: The Art of Brewing - tasting_event", "action_flag": 1, "change_message": "[{\"added\": {}}]"}}, {"model": "admin.logentry", "pk": 15, "fields": {"action_time": "2024-03-19T22:43:00.091Z", "user": 1, "content_type": 7, "object_id": "10", "object_repr": "Burger Masterclass: Crafting the Ultimate Burger - cooking_class", "action_flag": 1, "change_message": "[{\"added\": {}}]"}}, {"model": "admin.logentry", "pk": 16, "fields": {"action_time": "2024-03-19T22:43:27.525Z", "user": 1, "content_type": 7, "object_id": "11", "object_repr": "The World of Coffee: A Tasting Journey - tasting_event", "action_flag": 1, "change_message": "[{\"added\": {}}]"}}, {"model": "admin.logentry", "pk": 17, "fields": {"action_time": "2024-03-25T07:26:37.851Z", "user": 1, "content_type": 10, "object_id": "1", "object_repr": "EventComment object (1)", "action_flag": 2, "change_message": "[{\"changed\": {\"fields\": [\"Content\"]}}]"}}, {"model": "admin.logentry", "pk": 18, "fields": {"action_time": "2024-03-27T05:05:28.659Z", "user": 1, "content_type": 11, "object_id": "1", "object_repr": "Cupcake Creations: From Classic to Couture at L'Atelier Culinaire Moderne on 2024-04-02", "action_flag": 1, "change_message": "[{\"added\": {}}]"}}, {"model": "admin.logentry", "pk": 19, "fields": {"action_time": "2024-03-27T08:45:13.349Z", "user": 1, "content_type": 11, "object_id": "1", "object_repr": "Cupcake Creations: From Classic to Couture at L'Atelier Culinaire Moderne on 2024-04-02", "action_flag": 3, "change_message": ""}}, {"model": "admin.logentry", "pk": 20, "fields": {"action_time": "2024-03-27T08:45:20.842Z", "user": 1, "content_type": 11, "object_id": "2", "object_repr": "Sushi Spectacular: The Art of Rolling & Presentation at L'Atelier Culinaire Moderne on 2024-04-04", "action_flag": 3, "change_message": ""}}, {"model": "admin.logentry", "pk": 21, "fields": {"action_time": "2024-03-27T08:49:04.483Z", "user": 1, "content_type": 11, "object_id": "4", "object_repr": "Italian Home Cooking: Rustic to Refined at La Scuola Culinaria Storica on 2024-04-05", "action_flag": 2, "change_message": "[]"}}, {"model": "admin.logentry", "pk": 22, "fields": {"action_time": "2024-03-28T12:57:33.659Z", "user": 1, "content_type": 11, "object_id": "5", "object_repr": "Cupcake Creations: From Classic to Couture at Weltk端che Workshop on 2024-05-06", "action_flag": 2, "change_message": "[{\"changed\": {\"fields\": [\"Start time\", \"End time\"]}}]"}}, {"model": "admin.logentry", "pk": 23, "fields": {"action_time": "2024-03-28T12:57:41.353Z", "user": 1, "content_type": 11, "object_id": "4", "object_repr": "Italian Home Cooking: Rustic to Refined at La Scuola Culinaria Storica on 2024-04-05", "action_flag": 2, "change_message": "[{\"changed\": {\"fields\": [\"Start time\"]}}]"}}, {"model": "admin.logentry", "pk": 24, "fields": {"action_time": "2024-03-28T12:57:48.885Z", "user": 1, "content_type": 11, "object_id": "3", "object_repr": "Sushi Spectacular: The Art of Rolling & Presentation at L'Atelier Culinaire Moderne on 2024-04-04", "action_flag": 2, "change_message": "[{\"changed\": {\"fields\": [\"End time\"]}}]"}}, {"model": "admin.logentry", "pk": 25, "fields": {"action_time": "2024-03-28T12:58:02.679Z", "user": 1, "content_type": 11, "object_id": "3", "object_repr": "Sushi Spectacular: The Art of Rolling & Presentation at L'Atelier Culinaire Moderne on 2024-04-04", "action_flag": 2, "change_message": "[]"}}, {"model": "admin.logentry", "pk": 26, "fields": {"action_time": "2024-03-28T12:58:58.794Z", "user": 1, "content_type": 11, "object_id": "6", "object_repr": "Sushi Spectacular: The Art of Rolling & Presentation at L'Atelier Culinaire Moderne on 2024-04-09", "action_flag": 1, "change_message": "[{\"added\": {}}]"}}, {"model": "admin.logentry", "pk": 27, "fields": {"action_time": "2024-03-28T17:17:57.185Z", "user": 1, "content_type": 11, "object_id": "3", "object_repr": "Sushi Spectacular: The Art of Rolling & Presentation at L'Atelier Culinaire Moderne on 2024-04-04", "action_flag": 2, "change_message": "[{\"changed\": {\"fields\": [\"End time\"]}}]"}}, {"model": "admin.logentry", "pk": 28, "fields": {"action_time": "2024-03-28T17:25:10.778Z", "user": 1, "content_type": 11, "object_id": "3", "object_repr": "Sushi Spectacular: The Art of Rolling & Presentation at L'Atelier Culinaire Moderne on 2024-04-04", "action_flag": 3, "change_message": ""}}, {"model": "admin.logentry", "pk": 29, "fields": {"action_time": "2024-03-28T17:25:10.971Z", "user": 1, "content_type": 11, "object_id": "4", "object_repr": "Italian Home Cooking: Rustic to Refined at La Scuola Culinaria Storica on 2024-04-05", "action_flag": 3, "change_message": ""}}, {"model": "admin.logentry", "pk": 30, "fields": {"action_time": "2024-03-28T17:25:10.995Z", "user": 1, "content_type": 11, "object_id": "6", "object_repr": "Sushi Spectacular: The Art of Rolling & Presentation at L'Atelier Culinaire Moderne on 2024-04-09", "action_flag": 3, "change_message": ""}}, {"model": "admin.logentry", "pk": 31, "fields": {"action_time": "2024-03-28T17:25:11.014Z", "user": 1, "content_type": 11, "object_id": "5", "object_repr": "Cupcake Creations: From Classic to Couture at Weltk端che Workshop on 2024-05-06", "action_flag": 3, "change_message": ""}}, {"model": "admin.logentry", "pk": 32, "fields": {"action_time": "2024-04-03T06:06:32.361Z", "user": 1, "content_type": 11, "object_id": "7", "object_repr": "Sushi Spectacular: The Art of Rolling & Presentation at L'Atelier Culinaire Moderne on 2024-05-31", "action_flag": 2, "change_message": "[{\"changed\": {\"fields\": [\"Start time\", \"End time\"]}}]"}}, {"model": "admin.logentry", "pk": 33, "fields": {"action_time": "2024-04-03T06:06:56.873Z", "user": 1, "content_type": 11, "object_id": "9", "object_repr": "Sushi Spectacular: The Art of Rolling & Presentation at Weltk端che Workshop on 2024-04-11", "action_flag": 2, "change_message": "[{\"changed\": {\"fields\": [\"Start time\", \"End time\"]}}]"}}, {"model": "admin.logentry", "pk": 34, "fields": {"action_time": "2024-04-07T02:47:00.947Z", "user": 1, "content_type": 11, "object_id": "10", "object_repr": "Sushi Spectacular: The Art of Rolling & Presentation at Studio Gastronomico Vanguardia on 2024-04-15", "action_flag": 2, "change_message": "[{\"changed\": {\"fields\": [\"Start time\", \"End time\"]}}]"}}, {"model": "admin.logentry", "pk": 35, "fields": {"action_time": "2024-04-07T02:47:12.944Z", "user": 1, "content_type": 11, "object_id": "11", "object_repr": "Chocolate Indulgence: A Tasting Journey at Le Jardin Culinaire de Provence on 2024-04-16", "action_flag": 2, "change_message": "[{\"changed\": {\"fields\": [\"Start time\", \"End time\"]}}]"}}, {"model": "admin.logentry", "pk": 36, "fields": {"action_time": "2024-04-07T02:47:38.244Z", "user": 1, "content_type": 11, "object_id": "12", "object_repr": "Chocolate Indulgence: A Tasting Journey at Studio Gastronomico Vanguardia on 2024-04-15", "action_flag": 2, "change_message": "[{\"changed\": {\"fields\": [\"Start time\", \"End time\"]}}]"}}, {"model": "admin.logentry", "pk": 37, "fields": {"action_time": "2024-04-07T02:48:04.917Z", "user": 1, "content_type": 11, "object_id": "11", "object_repr": "Chocolate Indulgence: A Tasting Journey at Le Jardin Culinaire de Provence on 2024-04-19", "action_flag": 2, "change_message": "[{\"changed\": {\"fields\": [\"Start time\", \"End time\"]}}]"}}, {"model": "admin.logentry", "pk": 38, "fields": {"action_time": "2024-04-07T02:48:14.589Z", "user": 1, "content_type": 11, "object_id": "9", "object_repr": "Sushi Spectacular: The Art of Rolling & Presentation at Weltk端che Workshop on 2024-04-21", "action_flag": 2, "change_message": "[{\"changed\": {\"fields\": [\"Start time\", \"End time\"]}}]"}}, {"model": "admin.logentry", "pk": 39, "fields": {"action_time": "2024-04-07T03:00:25.246Z", "user": 1, "content_type": 14, "object_id": "2", "object_repr": "Occasion: 12, Type: Student, Price: 200.00, Number: 02d97caa-0f25-4303-9c21-e176aa46b3df", "action_flag": 2, "change_message": "[]"}}, {"model": "admin.logentry", "pk": 40, "fields": {"action_time": "2024-04-07T03:00:30.741Z", "user": 1, "content_type": 14, "object_id": "2", "object_repr": "Occasion: 12, Type: Student, Price: 200.00, Number: 02d97caa-0f25-4303-9c21-e176aa46b3df", "action_flag": 2, "change_message": "[]"}}, {"model": "admin.logentry", "pk": 41, "fields": {"action_time": "2024-04-07T03:05:04.929Z", "user": 1, "content_type": 14, "object_id": "2", "object_repr": "Occasion: Chocolate Indulgence: A Tasting Journey at Sustainable Chef Academy on 2024-04-15, Type: Student, Price: 200.00", "action_flag": 2, "change_message": "[]"}}, {"model": "admin.logentry", "pk": 42, "fields": {"action_time": "2024-04-07T03:07:52.054Z", "user": 1, "content_type": 14, "object_id": "2", "object_repr": "Occasion: Chocolate Indulgence: A Tasting Journey at Sustainable Chef Academy on 2024-04-15, Type: Student, Price: 200.00", "action_flag": 2, "change_message": "[]"}}, {"model": "admin.logentry", "pk": 43, "fields": {"action_time": "2024-04-07T17:16:39.995Z", "user": 1, "content_type": 13, "object_id": "1", "object_repr": "sj - Chocolate Indulgence: A Tasting Journey at Sustainable Chef Academy on 2024-04-15 (3 seats, True)", "action_flag": 2, "change_message": "[]"}}, {"model": "admin.logentry", "pk": 44, "fields": {"action_time": "2024-04-08T08:15:00.155Z", "user": 1, "content_type": 13, "object_id": "4", "object_repr": "sj - Chocolate Indulgence: A Tasting Journey at Sustainable Chef Academy on 2024-04-15 (None seats, False)", "action_flag": 3, "change_message": ""}}, {"model": "admin.logentry", "pk": 45, "fields": {"action_time": "2024-04-08T08:15:00.319Z", "user": 1, "content_type": 13, "object_id": "5", "object_repr": "sj - Chocolate Indulgence: A Tasting Journey at Sustainable Chef Academy on 2024-04-15 (None seats, False)", "action_flag": 3, "change_message": ""}}, {"model": "admin.logentry", "pk": 46, "fields": {"action_time": "2024-04-08T09:24:45.272Z", "user": 1, "content_type": 13, "object_id": "1", "object_repr": "sj - Chocolate Indulgence: A Tasting Journey at Sustainable Chef Academy on 2024-04-15 (3 seats, True)", "action_flag": 3, "change_message": ""}}, {"model": "admin.logentry", "pk": 47, "fields": {"action_time": "2024-04-08T09:24:45.455Z", "user": 1, "content_type": 13, "object_id": "2", "object_repr": "sj - Chocolate Indulgence: A Tasting Journey at Sustainable Chef Academy on 2024-04-15 (5 seats, True)", "action_flag": 3, "change_message": ""}}, {"model": "admin.logentry", "pk": 48, "fields": {"action_time": "2024-04-08T09:24:45.477Z", "user": 1, "content_type": 13, "object_id": "3", "object_repr": "sj - Chocolate Indulgence: A Tasting Journey at Sustainable Chef Academy on 2024-04-15 (4 seats, True)", "action_flag": 3, "change_message": ""}}, {"model": "admin.logentry", "pk": 49, "fields": {"action_time": "2024-04-08T09:24:45.497Z", "user": 1, "content_type": 13, "object_id": "6", "object_repr": "sj - Sushi Spectacular: The Art of Rolling & Presentation at Studio Gastronomico Vanguardia on 2024-04-15 (12 seats, True)", "action_flag": 3, "change_message": ""}}, {"model": "admin.logentry", "pk": 50, "fields": {"action_time": "2024-04-08T09:24:45.516Z", "user": 1, "content_type": 13, "object_id": "7", "object_repr": "sj - Farm to Fork: Seasonal Cooking with Local Produce at Le Jardin Culinaire de Provence on 2024-04-16 (2 seats, True)", "action_flag": 3, "change_message": ""}}, {"model": "admin.logentry", "pk": 51, "fields": {"action_time": "2024-04-08T09:24:45.531Z", "user": 1, "content_type": 13, "object_id": "8", "object_repr": "sj - Farm to Fork: Seasonal Cooking with Local Produce at Le Jardin Culinaire de Provence on 2024-04-16 (3 seats, True)", "action_flag": 3, "change_message": ""}}, {"model": "admin.logentry", "pk": 52, "fields": {"action_time": "2024-04-08T09:24:45.548Z", "user": 1, "content_type": 13, "object_id": "9", "object_repr": "sj - Farm to Fork: Seasonal Cooking with Local Produce at Le Jardin Culinaire de Provence on 2024-04-16 (1 seats, True)", "action_flag": 3, "change_message": ""}}, {"model": "admin.logentry", "pk": 53, "fields": {"action_time": "2024-04-08T09:24:45.569Z", "user": 1, "content_type": 13, "object_id": "10", "object_repr": "sj - Farm to Fork: Seasonal Cooking with Local Produce at Le Jardin Culinaire de Provence on 2024-04-16 (1 seats, True)", "action_flag": 3, "change_message": ""}}, {"model": "admin.logentry", "pk": 54, "fields": {"action_time": "2024-04-08T09:24:45.585Z", "user": 1, "content_type": 13, "object_id": "11", "object_repr": "sj - Farm to Fork: Seasonal Cooking with Local Produce at Le Jardin Culinaire de Provence on 2024-04-16 (2 seats, True)", "action_flag": 3, "change_message": ""}}, {"model": "admin.logentry", "pk": 55, "fields": {"action_time": "2024-04-08T09:34:22.302Z", "user": 1, "content_type": 13, "object_id": "12", "object_repr": "sj - Chocolate Indulgence: A Tasting Journey at Le Jardin Culinaire de Provence on 2024-04-19 (4 seats, True)", "action_flag": 3, "change_message": ""}}, {"model": "admin.logentry", "pk": 56, "fields": {"action_time": "2024-04-09T02:05:41.879Z", "user": 1, "content_type": 3, "object_id": "1", "object_repr": "SIteAdmin", "action_flag": 1, "change_message": "[{\"added\": {}}]"}}, {"model": "admin.logentry", "pk": 57, "fields": {"action_time": "2024-04-09T02:06:38.008Z", "user": 1, "content_type": 3, "object_id": "1", "object_repr": "SIteAdmin", "action_flag": 2, "change_message": "[]"}}, {"model": "admin.logentry", "pk": 58, "fields": {"action_time": "2024-04-09T02:08:44.304Z", "user": 1, "content_type": 3, "object_id": "1", "object_repr": "Admin", "action_flag": 2, "change_message": "[{\"changed\": {\"fields\": [\"Name\"]}}]"}}, {"model": "admin.logentry", "pk": 59, "fields": {"action_time": "2024-04-09T02:10:54.266Z", "user": 1, "content_type": 3, "object_id": "2", "object_repr": "SiteAdmin", "action_flag": 1, "change_message": "[{\"added\": {}}]"}}, {"model": "admin.logentry", "pk": 60, "fields": {"action_time": "2024-04-09T02:12:34.033Z", "user": 1, "content_type": 3, "object_id": "2", "object_repr": "SiteAdmin", "action_flag": 2, "change_message": "[{\"changed\": {\"fields\": [\"Permissions\"]}}]"}}, {"model": "admin.logentry", "pk": 61, "fields": {"action_time": "2024-04-09T02:15:21.034Z", "user": 1, "content_type": 3, "object_id": "3", "object_repr": "ContentAdmin", "action_flag": 1, "change_message": "[{\"added\": {}}]"}}, {"model": "admin.logentry", "pk": 62, "fields": {"action_time": "2024-04-09T02:15:37.919Z", "user": 1, "content_type": 3, "object_id": "4", "object_repr": "UserAdmin", "action_flag": 1, "change_message": "[{\"added\": {}}]"}}, {"model": "admin.logentry", "pk": 63, "fields": {"action_time": "2024-04-09T02:16:06.268Z", "user": 1, "content_type": 3, "object_id": "5", "object_repr": "CommentAdmin", "action_flag": 1, "change_message": "[{\"added\": {}}]"}}, {"model": "admin.logentry", "pk": 64, "fields": {"action_time": "2024-04-09T02:16:56.415Z", "user": 1, "content_type": 3, "object_id": "5", "object_repr": "CommentAdmin", "action_flag": 2, "change_message": "[{\"changed\": {\"fields\": [\"Permissions\"]}}]"}}, {"model": "admin.logentry", "pk": 65, "fields": {"action_time": "2024-04-09T02:17:54.974Z", "user": 1, "content_type": 6, "object_id": "6", "object_repr": "admin_user", "action_flag": 2, "change_message": "[{\"changed\": {\"fields\": [\"Staff status\", \"Groups\"]}}]"}}, {"model": "admin.logentry", "pk": 66, "fields": {"action_time": "2024-04-09T02:19:52.357Z", "user": 1, "content_type": 6, "object_id": "7", "object_repr": "content_creator", "action_flag": 2, "change_message": "[{\"changed\": {\"fields\": [\"Groups\"]}}]"}}, {"model": "admin.logentry", "pk": 67, "fields": {"action_time": "2024-04-09T02:20:57.384Z", "user": 1, "content_type": 6, "object_id": "7", "object_repr": "content_creator", "action_flag": 2, "change_message": "[{\"changed\": {\"fields\": [\"Staff status\"]}}]"}}, {"model": "admin.logentry", "pk": 68, "fields": {"action_time": "2024-04-09T02:21:29.868Z", "user": 1, "content_type": 6, "object_id": "6", "object_repr": "admin_user", "action_flag": 2, "change_message": "[{\"changed\": {\"fields\": [\"Groups\"]}}]"}}, {"model": "admin.logentry", "pk": 69, "fields": {"action_time": "2024-04-09T02:21:42.301Z", "user": 1, "content_type": 6, "object_id": "5", "object_repr": "staff_user", "action_flag": 2, "change_message": "[{\"changed\": {\"fields\": [\"Groups\"]}}]"}}, {"model": "admin.logentry", "pk": 70, "fields": {"action_time": "2024-04-09T02:25:22.540Z", "user": 1, "content_type": 3, "object_id": "3", "object_repr": "ContentAdmin", "action_flag": 2, "change_message": "[{\"changed\": {\"fields\": [\"Permissions\"]}}]"}}, {"model": "admin.logentry", "pk": 71, "fields": {"action_time": "2024-04-09T02:29:54.942Z", "user": 1, "content_type": 3, "object_id": "3", "object_repr": "ContentAdmin", "action_flag": 2, "change_message": "[]"}}, {"model": "admin.logentry", "pk": 72, "fields": {"action_time": "2024-04-09T02:30:21.564Z", "user": 1, "content_type": 6, "object_id": "7", "object_repr": "content_creator", "action_flag": 2, "change_message": "[]"}}, {"model": "auth.permission", "pk": 1, "fields": {"name": "Can add log entry", "content_type": 1, "codename": "add_logentry"}}, {"model": "auth.permission", "pk": 2, "fields": {"name": "Can change log entry", "content_type": 1, "codename": "change_logentry"}}, {"model": "auth.permission", "pk": 3, "fields": {"name": "Can delete log entry", "content_type": 1, "codename": "delete_logentry"}}, {"model": "auth.permission", "pk": 4, "fields": {"name": "Can view log entry", "content_type": 1, "codename": "view_logentry"}}, {"model": "auth.permission", "pk": 5, "fields": {"name": "Can add permission", "content_type": 2, "codename": "add_permission"}}, {"model": "auth.permission", "pk": 6, "fields": {"name": "Can change permission", "content_type": 2, "codename": "change_permission"}}, {"model": "auth.permission", "pk": 7, "fields": {"name": "Can delete permission", "content_type": 2, "codename": "delete_permission"}}, {"model": "auth.permission", "pk": 8, "fields": {"name": "Can view permission", "content_type": 2, "codename": "view_permission"}}, {"model": "auth.permission", "pk": 9, "fields": {"name": "Can add group", "content_type": 3, "codename": "add_group"}}, {"model": "auth.permission", "pk": 10, "fields": {"name": "Can change group", "content_type": 3, "codename": "change_group"}}, {"model": "auth.permission", "pk": 11, "fields": {"name": "Can delete group", "content_type": 3, "codename": "delete_group"}}, {"model": "auth.permission", "pk": 12, "fields": {"name": "Can view group", "content_type": 3, "codename": "view_group"}}, {"model": "auth.permission", "pk": 13, "fields": {"name": "Can add content type", "content_type": 4, "codename": "add_contenttype"}}, {"model": "auth.permission", "pk": 14, "fields": {"name": "Can change content type", "content_type": 4, "codename": "change_contenttype"}}, {"model": "auth.permission", "pk": 15, "fields": {"name": "Can delete content type", "content_type": 4, "codename": "delete_contenttype"}}, {"model": "auth.permission", "pk": 16, "fields": {"name": "Can view content type", "content_type": 4, "codename": "view_contenttype"}}, {"model": "auth.permission", "pk": 17, "fields": {"name": "Can add session", "content_type": 5, "codename": "add_session"}}, {"model": "auth.permission", "pk": 18, "fields": {"name": "Can change session", "content_type": 5, "codename": "change_session"}}, {"model": "auth.permission", "pk": 19, "fields": {"name": "Can delete session", "content_type": 5, "codename": "delete_session"}}, {"model": "auth.permission", "pk": 20, "fields": {"name": "Can view session", "content_type": 5, "codename": "view_session"}}, {"model": "auth.permission", "pk": 21, "fields": {"name": "Can add user", "content_type": 6, "codename": "add_appuser"}}, {"model": "auth.permission", "pk": 22, "fields": {"name": "Can change user", "content_type": 6, "codename": "change_appuser"}}, {"model": "auth.permission", "pk": 23, "fields": {"name": "Can delete user", "content_type": 6, "codename": "delete_appuser"}}, {"model": "auth.permission", "pk": 24, "fields": {"name": "Can view user", "content_type": 6, "codename": "view_appuser"}}, {"model": "auth.permission", "pk": 25, "fields": {"name": "Can add event", "content_type": 7, "codename": "add_event"}}, {"model": "auth.permission", "pk": 26, "fields": {"name": "Can change event", "content_type": 7, "codename": "change_event"}}, {"model": "auth.permission", "pk": 27, "fields": {"name": "Can delete event", "content_type": 7, "codename": "delete_event"}}, {"model": "auth.permission", "pk": 28, "fields": {"name": "Can view event", "content_type": 7, "codename": "view_event"}}, {"model": "auth.permission", "pk": 29, "fields": {"name": "Can add chef", "content_type": 8, "codename": "add_chef"}}, {"model": "auth.permission", "pk": 30, "fields": {"name": "Can change chef", "content_type": 8, "codename": "change_chef"}}, {"model": "auth.permission", "pk": 31, "fields": {"name": "Can delete chef", "content_type": 8, "codename": "delete_chef"}}, {"model": "auth.permission", "pk": 32, "fields": {"name": "Can view chef", "content_type": 8, "codename": "view_chef"}}, {"model": "auth.permission", "pk": 33, "fields": {"name": "Can add venue", "content_type": 9, "codename": "add_venue"}}, {"model": "auth.permission", "pk": 34, "fields": {"name": "Can change venue", "content_type": 9, "codename": "change_venue"}}, {"model": "auth.permission", "pk": 35, "fields": {"name": "Can delete venue", "content_type": 9, "codename": "delete_venue"}}, {"model": "auth.permission", "pk": 36, "fields": {"name": "Can view venue", "content_type": 9, "codename": "view_venue"}}, {"model": "auth.permission", "pk": 37, "fields": {"name": "Can add event comment", "content_type": 10, "codename": "add_eventcomment"}}, {"model": "auth.permission", "pk": 38, "fields": {"name": "Can change event comment", "content_type": 10, "codename": "change_eventcomment"}}, {"model": "auth.permission", "pk": 39, "fields": {"name": "Can delete event comment", "content_type": 10, "codename": "delete_eventcomment"}}, {"model": "auth.permission", "pk": 40, "fields": {"name": "Can view event comment", "content_type": 10, "codename": "view_eventcomment"}}, {"model": "auth.permission", "pk": 41, "fields": {"name": "Can add occasion", "content_type": 11, "codename": "add_occasion"}}, {"model": "auth.permission", "pk": 42, "fields": {"name": "Can change occasion", "content_type": 11, "codename": "change_occasion"}}, {"model": "auth.permission", "pk": 43, "fields": {"name": "Can delete occasion", "content_type": 11, "codename": "delete_occasion"}}, {"model": "auth.permission", "pk": 44, "fields": {"name": "Can view occasion", "content_type": 11, "codename": "view_occasion"}}, {"model": "auth.permission", "pk": 45, "fields": {"name": "Can add seat", "content_type": 12, "codename": "add_seat"}}, {"model": "auth.permission", "pk": 46, "fields": {"name": "Can change seat", "content_type": 12, "codename": "change_seat"}}, {"model": "auth.permission", "pk": 47, "fields": {"name": "Can delete seat", "content_type": 12, "codename": "delete_seat"}}, {"model": "auth.permission", "pk": 48, "fields": {"name": "Can view seat", "content_type": 12, "codename": "view_seat"}}, {"model": "auth.permission", "pk": 49, "fields": {"name": "Can add booking", "content_type": 13, "codename": "add_booking"}}, {"model": "auth.permission", "pk": 50, "fields": {"name": "Can change booking", "content_type": 13, "codename": "change_booking"}}, {"model": "auth.permission", "pk": 51, "fields": {"name": "Can delete booking", "content_type": 13, "codename": "delete_booking"}}, {"model": "auth.permission", "pk": 52, "fields": {"name": "Can view booking", "content_type": 13, "codename": "view_booking"}}, {"model": "auth.permission", "pk": 53, "fields": {"name": "Can add ticket", "content_type": 14, "codename": "add_ticket"}}, {"model": "auth.permission", "pk": 54, "fields": {"name": "Can change ticket", "content_type": 14, "codename": "change_ticket"}}, {"model": "auth.permission", "pk": 55, "fields": {"name": "Can delete ticket", "content_type": 14, "codename": "delete_ticket"}}, {"model": "auth.permission", "pk": 56, "fields": {"name": "Can view ticket", "content_type": 14, "codename": "view_ticket"}}, {"model": "auth.group", "pk": 1, "fields": {"name": "Admin", "permissions": [1, 2, 3, 4, 9, 10, 11, 12, 5, 6, 7, 8, 49, 50, 51, 52, 29, 30, 31, 32, 13, 14, 15, 16, 25, 26, 27, 28, 37, 38, 39, 40, 41, 42, 43, 44, 45, 46, 47, 48, 21, 22, 23, 24, 17, 18, 19, 20, 53, 54, 55, 56, 33, 34, 35, 36]}}, {"model": "auth.group", "pk": 2, "fields": {"name": "SiteAdmin", "permissions": [49, 50, 51, 52, 29, 30, 31, 32, 25, 26, 27, 28, 41, 42, 43, 44, 48, 24, 56, 33, 34, 35, 36]}}, {"model": "auth.group", "pk": 3, "fields": {"name": "ContentAdmin", "permissions": [29, 30, 32, 25, 26, 28, 41, 42, 44, 33, 34, 36]}}, {"model": "auth.group", "pk": 4, "fields": {"name": "UserAdmin", "permissions": [21, 22, 23, 24]}}, {"model": "auth.group", "pk": 5, "fields": {"name": "CommentAdmin", "permissions": [37, 38, 39, 40]}}, {"model": "contenttypes.contenttype", "pk": 1, "fields": {"app_label": "admin", "model": "logentry"}}, {"model": "contenttypes.contenttype", "pk": 2, "fields": {"app_label": "auth", "model": "permission"}}, {"model": "contenttypes.contenttype", "pk": 3, "fields": {"app_label": "auth", "model": "group"}}, {"model": "contenttypes.contenttype", "pk": 4, "fields": {"app_label": "contenttypes", "model": "contenttype"}}, {"model": "contenttypes.contenttype", "pk": 5, "fields": {"app_label": "sessions", "model": "session"}}, {"model": "contenttypes.contenttype", "pk": 6, "fields": {"app_label": "profiles", "model": "appuser"}}, {"model": "contenttypes.contenttype", "pk": 7, "fields": {"app_label": "events", "model": "event"}}, {"model": "contenttypes.contenttype", "pk": 8, "fields": {"app_label": "chefs", "model": "chef"}}, {"model": "contenttypes.contenttype", "pk": 9, "fields": {"app_label": "venues", "model": "venue"}}, {"model": "contenttypes.contenttype", "pk": 10, "fields": {"app_label": "events", "model": "eventcomment"}}, {"model": "contenttypes.contenttype", "pk": 11, "fields": {"app_label": "occasions", "model": "occasion"}}, {"model": "contenttypes.contenttype", "pk": 12, "fields": {"app_label": "occasions", "model": "seat"}}, {"model": "contenttypes.contenttype", "pk": 13, "fields": {"app_label": "bookings", "model": "booking"}}, {"model": "contenttypes.contenttype", "pk": 14, "fields": {"app_label": "tickets", "model": "ticket"}}, {"model": "sessions.session", "pk": "35m280xhz05tzfnn3a8vw5ntivme1r18", "fields": {"session_data": ".eJxVjEsOwjAMBe-SNYoaNzaIJXvOEDl2TAqolfpZVdydVuoCtm9m3uoSL3NNy1TG1Km7uuBOv1tmeZV-B_rk_jF4Gfp57LLfFX_Qyd8HLe_b4f4dVJ7qVgMICm2-CRIqEQLkswXjVlixaZVjvARpTC2UyGagBETaxIIQ0X2-AwU4ew:1ru1dU:HUAZHZGQ-YY7mOxIPAQaV552J5E4pjdUyMx1g0DAjp4", "expire_date": "2024-04-23T02:55:00.790Z"}}, {"model": "sessions.session", "pk": "3q3q3gweonx5jihmu1naupipo60y86ee", "fields": {"session_data": ".eJxVjMEOwiAQRP-FsyFs6Qr16N1vIAu7SNXQpLQn47_bJj3ocea9mbcKtC4lrE3mMLK6qF6dfrtI6Sl1B_ygep90muoyj1Hvij5o07eJ5XU93L-DQq1saxlsimfEThh5EDAINicwglnQWYliCbqI1pucCTn5HpC2nJ33EJ36fAH0kjgy:1rmZUv:vsPoN5AqJoht-ffwNoumoFnFYgGfhtQBnPaeKadEKco", "expire_date": "2024-04-02T13:27:21.609Z"}}, {"model": "sessions.session", "pk": "9g0pn066fw3anryc8wjxdabdvl0pnhfe", "fields": {"session_data": ".eJxVjEsOwjAMBe-SNYoaNzaIJXvOEDl2TAqolfpZVdydVuoCtm9m3uoSL3NNy1TG1Km7uuBOv1tmeZV-B_rk_jF4Gfp57LLfFX_Qyd8HLe_b4f4dVJ7qVgMICm2-CRIqEQLkswXjVlixaZVjvARpTC2UyGagBETaxIIQ0X2-AwU4ew:1rmT0i:J0w6tqRAazPG4EYznhdR4Y9tKtkGToTQhmiYskfNlvA", "expire_date": "2024-04-02T06:31:44.131Z"}}, {"model": "sessions.session", "pk": "b4lxusi6d3b5gekqyi6m82oceurrew0l", "fields": {"session_data": ".eJxVjMEOwiAQRP-FsyFs6Qr16N1vIAu7SNXQpLQn47_bJj3ocea9mbcKtC4lrE3mMLK6qF6dfrtI6Sl1B_ygep90muoyj1Hvij5o07eJ5XU93L-DQq1saxlsimfEThh5EDAINicwglnQWYliCbqI1pucCTn5HpC2nJ33EJ36fAH0kjgy:1roieP:m6vesBadVZM2wkxfF-R_6_J6QOAf6nP-m-QBQBRgVRQ", "expire_date": "2024-04-08T11:38:01.809Z"}}, {"model": "sessions.session", "pk": "ct46pd1lkil2h7xyzhlxpn0bo6ph7kcx", "fields": {"session_data": ".eJxVjDsOwyAQRO9CHSEWMOCU6X0GC3aX4CQCyZ8qyt1jSy6SbjTvzbzFGLe1jNvC8ziRuAojLr9divjkegB6xHpvEltd5ynJQ5EnXeTQiF-30_07KHEp-5q9zX1nDWmFBJ72QFpr11vQlAKgcwaQswNFmFWKgaDznhAhsOckPl_blzgp:1rkLI5:ucnaO29RBnJLRevtQj8nCNZkLUyOYX9gvLh96TnXEzU", "expire_date": "2024-03-27T09:52:53.440Z"}}, {"model": "sessions.session", "pk": "hij05ypu7xf0tk238utxuh6abr28d1us", "fields": {"session_data": ".eJxVjDsOwjAQRO_iGlmL1x-gpOcM0XrtxQFkS3FSIe5OIqWAcua9mbcaaJnLsPQ8DWNSF-XU4beLxM9cN5AeVO9Nc6vzNEa9KXqnXd9ayq_r7v4dFOplXYO1ObD3ENiAcyKYIYIHG5npyP4EaFCCEYgomBJxWAOLI-AzclCfL9n3OBo:1ru8an:lYtWNfDiAhhP_umtccAfgCnXAvbDzmOSSC46LhAqRWo", "expire_date": "2024-04-23T10:20:41.434Z"}}, {"model": "sessions.session", "pk": "jpz6s2w30dsf28v03nzzfmboid10od4m", "fields": {"session_data": ".eJxVjEsOwjAMBe-SNYoaNzaIJXvOEDl2TAqolfpZVdydVuoCtm9m3uoSL3NNy1TG1Km7uuBOv1tmeZV-B_rk_jF4Gfp57LLfFX_Qyd8HLe_b4f4dVJ7qVgMICm2-CRIqEQLkswXjVlixaZVjvARpTC2UyGagBETaxIIQ0X2-AwU4ew:1rnFpZ:C6NHWrIeiisLG1YwGhHYFAm2WbmXCxtmLa_KFJftD20", "expire_date": "2024-04-04T10:39:29.828Z"}}, {"model": "sessions.session", "pk": "jvsynq2f3delszvysf5yraz0ccprc5bp", "fields": {"session_data": ".eJxVjDsOwjAQRO_iGlmL1x-gpOcM0XrtxQFkS3FSIe5OIqWAcua9mbcaaJnLsPQ8DWNSF-XU4beLxM9cN5AeVO9Nc6vzNEa9KXqnXd9ayq_r7v4dFOplXYO1ObD3ENiAcyKYIYIHG5npyP4EaFCCEYgomBJxWAOLI-AzclCfL9n3OBo:1rmhUF:9AWtyYdi2BVXsM0qqXxGjhn7fS-l_SeXFUPknXd5uvo", "expire_date": "2024-04-02T21:59:11.734Z"}}, {"model": "sessions.session", "pk": "k2dnzwqqoviwla6tm2yhnqtmbqz86rw6", "fields": {"session_data": ".eJxVjEsOwjAMBe-SNYoaNzaIJXvOEDl2TAqolfpZVdydVuoCtm9m3uoSL3NNy1TG1Km7uuBOv1tmeZV-B_rk_jF4Gfp57LLfFX_Qyd8HLe_b4f4dVJ7qVgMICm2-CRIqEQLkswXjVlixaZVjvARpTC2UyGagBETaxIIQ0X2-AwU4ew:1rminE:M7IHlZSDP3EGzB0BzCkUYJNPumc1IBtRyzvNPY0OlGI", "expire_date": "2024-04-02T23:22:52.464Z"}}, {"model": "sessions.session", "pk": "oj5irwxvxnreb34c059ueqy8g2niesz1", "fields": {"session_data": ".eJxVjMEOwiAQRP-FsyFs6Qr16N1vIAu7SNXQpLQn47_bJj3ocea9mbcKtC4lrE3mMLK6qF6dfrtI6Sl1B_ygep90muoyj1Hvij5o07eJ5XU93L-DQq1saxlsimfEThh5EDAINicwglnQWYliCbqI1pucCTn5HpC2nJ33EJ36fAH0kjgy:1rmWO4:ZZp23Z8EKhH-ICxbRwnaFwpRslkQnZT0Ixo8KPPKmPA", "expire_date": "2024-04-02T10:08:04.664Z"}}, {"model": "sessions.session", "pk": "xn9wdbe2c3j5qowpy9p2907rhp7te5zu", "fields": {"session_data": ".eJxVjEsOwjAMBe-SNYoaNzaIJXvOEDl2TAqolfpZVdydVuoCtm9m3uoSL3NNy1TG1Km7uuBOv1tmeZV-B_rk_jF4Gfp57LLfFX_Qyd8HLe_b4f4dVJ7qVgMICm2-CRIqEQLkswXjVlixaZVjvARpTC2UyGagBETaxIIQ0X2-AwU4ew:1ro2B5:lBLlDQNg8iqQkrE3Y0Bu7FTUHUuZ_8nvo26WToYDVDY", "expire_date": "2024-04-06T14:16:55.582Z"}}, {"model": "sessions.session", "pk": "xxsle3wboeocszv0fz8ae65ywaywhx3f", "fields": {"session_data": ".eJxVjDsOwyAQRO9CHSEWMOCU6X0GC3aX4CQCyZ8qyt1jSy6SbjTvzbzFGLe1jNvC8ziRuAojLr9divjkegB6xHpvEltd5ynJQ5EnXeTQiF-30_07KHEp-5q9zX1nDWmFBJ72QFpr11vQlAKgcwaQswNFmFWKgaDznhAhsOckPl_blzgp:1rkLVn:E22mlGVCYbJcWLyzwRdcmtOLG-jgr-3DSQ1J-9o0fz0", "expire_date": "2024-03-27T10:07:03.018Z"}}, {"model": "sessions.session", "pk": "y8dgvuh9bjngcklm2golumcbnynvbq5z", "fields": {"session_data": ".eJxVjMEOwiAQRP-FsyFs6Qr16N1vIAu7SNXQpLQn47_bJj3ocea9mbcKtC4lrE3mMLK6qF6dfrtI6Sl1B_ygep90muoyj1Hvij5o07eJ5XU93L-DQq1saxlsimfEThh5EDAINicwglnQWYliCbqI1pucCTn5HpC2nJ33EJ36fAH0kjgy:1rmaHl:S3-jfE6_1CDUKZZKDU3zUfuywmHZzpOXzoFBb1SmIro", "expire_date": "2024-04-02T14:17:49.443Z"}}, {"model": "profiles.appuser", "pk": 1, "fields": {"password": "pbkdf2_sha256$720000$9BezvO4WTvPYBh8K0XtwDL$C0qvpJeAua0+Q5KKkIGXZcnL7mQnBap6Rj9wCSqrEC4=", "last_login": "2024-04-09T02:55:00.759Z", "is_superuser": true, "username": "sj", "is_staff": true, "is_active": true, "date_joined": "2022-03-13T07:01:10Z", "email": "sj@abv.bg", "first_name": "Svet", "last_name": "Jonev", "birth_date": "1986-10-11", "gender": "M", "groups": [], "user_permissions": []}}, {"model": "profiles.appuser", "pk": 4, "fields": {"password": "pbkdf2_sha256$720000$Mkhq9CgnQ2rni6wDPZdCwh$QAYWKN8qfz8xTAqI+bbqHnDyTz43SxkmRWYUz3GhnAs=", "last_login": "2024-04-08T18:31:33.632Z", "is_superuser": false, "username": "new_user", "is_staff": false, "is_active": true, "date_joined": "2024-03-13T12:30:31.947Z", "email": "nu@abv.bg", "first_name": "New", "last_name": "User", "birth_date": "2023-12-05", "gender": "F", "groups": [], "user_permissions": []}}, {"model": "profiles.appuser", "pk": 5, "fields": {"password": "pbkdf2_sha256$720000$t1RxeOSVzwzDh0TDXeQsuU$mlVZdlTLcCAWQTP2cnD9TwybM1g6oO5GSS8CG78zj4k=", "last_login": "2024-04-09T10:20:41.411Z", "is_superuser": false, "username": "staff_user", "is_staff": true, "is_active": true, "date_joined": "2024-03-13T12:40:29Z", "email": "su@abv.bg", "first_name": "Staff", "last_name": "User", "birth_date": null, "gender": "O", "groups": [4], "user_permissions": []}}, {"model": "profiles.appuser", "pk": 6, "fields": {"password": "pbkdf2_sha256$720000$NtYtxUCqyn2suyAjJ57irc$eJ212ksFBy+JLB/nZkZRHoXJKuqSzR1cz5cUjIlVHuE=", "last_login": "2024-04-09T02:18:12Z", "is_superuser": false, "username": "admin_user", "is_staff": true, "is_active": true, "date_joined": "2024-04-09T01:58:08Z", "email": "admin@abv.bg", "first_name": "Admin", "last_name": "User", "birth_date": "2000-01-11", "gender": "M", "groups": [1], "user_permissions": []}}, {"model": "profiles.appuser", "pk": 7, "fields": {"password": "pbkdf2_sha256$720000$x8sPojtzDpWBTaKJqUTarr$FN8NCsDSKc1ohkgPSG77USc3RbB0WVW+PftVcZhSv64=", "last_login": "2024-04-09T02:30:56.596Z", "is_superuser": false, "username": "content_creator", "is_staff": true, "is_active": true, "date_joined": "2024-04-09T02:19:21Z", "email": "cc@abv.bg", "first_name": null, "last_name": null, "birth_date": null, "gender": null, "groups": [3], "user_permissions": []}}, {"model": "events.event", "pk": 1, "fields": {"event_type": "cooking_class", "name": "Sushi Spectacular: The Art of Rolling & Presentation", "description": "In this immersive class, participants will master the art of sushi making, from cooking the perfect sushi rice to selecting the freshest fillings. Expert chefs will guide you through the delicate process of rolling sushi, offering tips to ensure your rolls are tight and presentable. You'll explore a variety of sushi types, including nigiri, maki, and sashimi, and learn the importance of presentation in Japanese cuisine. The class concludes with a tasting session of your handmade creations, paired with traditional Japanese sides.", "slug": "sushi-spectacular-the-art-of-rolling-presentation-cooking_class", "image": "events_images/sushi.jpeg"}}, {"model": "events.event", "pk": 3, "fields": {"event_type": "cooking_class", "name": "Italian Home Cooking: Rustic to Refined", "description": "Experience the heart and soul of Italian cuisine in a class that takes you from the rustic meals of the countryside to the refined dishes of Italy's finest restaurants. Discover the importance of fresh ingredients as you learn to make pasta from scratch, craft the perfect tomato sauce, and prepare a classic Italian dessert. Stories of Italian food culture and tradition will enrich your cooking experience. This class is perfect for anyone looking to bring the warmth and joy of Italian cooking into their own kitchen. New sentence", "slug": "italian-home-cooking-rustic-to-refined-cooking", "image": "events_images/italian.jpeg"}}, {"model": "events.event", "pk": 4, "fields": {"event_type": "cooking_class", "name": "Farm to Fork: Seasonal Cooking with Local Produce", "description": "Celebrate the beauty and bounty of the seasons in this class focused on sustainable cooking with farm-fresh ingredients. Learn how to select the best produce, meats, and cheeses from your local farmers' market and how to use them in recipes that highlight their natural flavors. This class emphasizes the connection between the food we eat and the health of our environment, offering tips for a more sustainable kitchen. You'll prepare a seasonal meal that's as good for the planet as it is for your palate.", "slug": "farm-to-fork-seasonal-cooking-with-local-produce", "image": "events_images/farm-fork.jpeg"}}, {"model": "events.event", "pk": 5, "fields": {"event_type": "cooking_class", "name": "Cupcake Creations: From Classic to Couture", "description": "Unlock the secrets to baking the perfect cupcake in this hands-on class. You'll learn a variety of baking techniques, from ensuring moist, fluffy bases to creating silky smooth icing. Our expert pastry chef will introduce you to the tools and tricks for decorating cupcakes that capture the eye and delight the palate. Whether you're aiming for elegant swirls or themed decorations, this class will elevate your cupcake skills. You'll leave with a dozen of your own decorated cupcakes and the confidence to experiment with your own designs at home.", "slug": "cupcake-creations-from-classic-to-couture", "image": "events_images/cupcake_26sHCkw.jpeg"}}, {"model": "events.event", "pk": 6, "fields": {"event_type": "tasting_event", "name": "Cheese and Wine Pairing Experience", "description": "Embark on a sensory journey through the world of cheese and wine pairing. This event guides you through the principles of pairing, demonstrating how different textures, flavors, and intensities can complement or contrast with each other. Sample a curated selection of international cheeses and wines, learning about the production and history of each. Whether you're a seasoned enthusiast or new to the world of wine and cheese, this experience promises to deepen your appreciation and understanding of these culinary delights.", "slug": "cheese-and-wine-pairing-experience", "image": "events_images/image3.jpeg"}}, {"model": "events.event", "pk": 7, "fields": {"event_type": "tasting_event", "name": "Chocolate Indulgence: A Tasting Journey", "description": "Dive into the rich, luxurious world of chocolate with an event dedicated to all things cocoa. From creamy milk chocolate to intense dark chocolate, you'll explore a range of flavors and origins. Learn about the chocolate-making process, from bean selection to roasting and conching, and how these steps affect the final taste. Chocolate experts will guide you through the tasting, helping you identify unique flavor profiles and the stories behind the artisans who craft these chocolates. This indulgent journey is a must for any chocolate lover.", "slug": "chocolate-indulgence-a-tasting-journey", "image": "events_images/chocolate.jpeg"}}, {"model": "events.event", "pk": 8, "fields": {"event_type": "cooking_class", "name": "Global Street Foods: A Culinary Adventure", "description": "Take a trip around the world without leaving the kitchen in this exciting class focused on international street foods. From the spicy curries of India to the savory tacos of Mexico, you'll learn how to recreate a variety of street food favorites at home. This hands-on class not only teaches cooking techniques but also dives into the cultural stories behind these beloved dishes. You'll finish the class with a newfound appreciation for global cuisines and a collection of recipes to impress your friends and family.", "slug": "global-street-foods-a-culinary-adventure", "image": "events_images/street-food.jpeg"}}, {"model": "events.event", "pk": 9, "fields": {"event_type": "tasting_event", "name": "Craft Beer Exploration: The Art of Brewing", "description": "Join us for a tasting event that celebrates the creativity and diversity of craft beer. You'll sample a variety of brews, each with its own unique flavor and story. Learn about the brewing process, from the choice of hops to the fermentation techniques that create the beer's character. Meet fellow beer enthusiasts, share stories, and discover new favorites. This event is perfect for anyone looking to expand their beer knowledge and explore the vast world of craft brewing.", "slug": "craft-beer-exploration-the-art-of-brewing", "image": "events_images/beer.jpeg"}}, {"model": "events.event", "pk": 10, "fields": {"event_type": "cooking_class", "name": "Burger Masterclass: Crafting the Ultimate Burger", "description": "Dive deep into the world of gourmet burgers in this comprehensive class. Learn the secrets to selecting and grinding the perfect blend of meats, creating and baking artisan buns, and crafting condiments from scratch. This class covers everything from the classics to innovative, contemporary burger creations, including vegetarian options. Discover the art of balancing flavors and textures to assemble burgers that tantalize the taste buds. You'll grill, taste, and customize your creations, leaving with the skills to impress at your next BBQ or dinner party.", "slug": "burger-masterclass-crafting-the-ultimate-burger", "image": "events_images/burger.jpeg"}}, {"model": "events.event", "pk": 11, "fields": {"event_type": "tasting_event", "name": "The World of Coffee: A Tasting Journey", "description": "Embark on a caffeinated journey through the world's best coffee regions in this engaging tasting event. From the highlands of Ethiopia to the mountains of Colombia, taste and compare coffees with a variety of profiles. Learn about the bean-to-cup process, including different coffee varieties, roasting techniques, and brewing methods that influence flavor. This event is perfect for coffee aficionados and novices alike, offering insights into coffee culture, history, and the art of tasting. Discover your new favorite brew and deepen your appreciation for this global beverage.", "slug": "the-world-of-coffee-a-tasting-journey", "image": "events_images/coffee_dFqTjnH.jpeg"}}, {"model": "events.eventcomment", "pk": 1, "fields": {"content": "First comment", "created_at": "2024-03-25T05:14:35.936Z", "event": 1, "user": 1}}, {"model": "events.eventcomment", "pk": 2, "fields": {"content": "First comment", "created_at": "2024-03-25T05:15:17.136Z", "event": 1, "user": 1}}, {"model": "events.eventcomment", "pk": 5, "fields": {"content": "A lot more content here is worty hahahahahahahahahahhaha", "created_at": "2024-03-25T05:16:47.595Z", "event": 1, "user": 1}}, {"model": "events.eventcomment", "pk": 13, "fields": {"content": "The first one here", "created_at": "2024-03-25T07:44:58.373Z", "event": 7, "user": 1}}, {"model": "events.eventcomment", "pk": 14, "fields": {"content": "A fantastic event! Once in a lifetime!", "created_at": "2024-03-25T07:53:26.648Z", "event": 1, "user": 4}}, {"model": "events.eventcomment", "pk": 15, "fields": {"content": "First comment here.", "created_at": "2024-03-25T07:59:10.774Z", "event": 5, "user": 4}}, {"model": "events.eventcomment", "pk": 16, "fields": {"content": "It is a long established fact that a reader will be distracted by the readable content of a page when looking at its layout. The point of using Lorem Ipsum is that it has a more-or-less normal distribution of letters, as opposed to using 'Content here, content here', making it look like readable English. Many desktop publishing packages and web page editors now use Lorem Ipsum as their default.", "created_at": "2024-03-25T08:26:41.976Z", "event": 1, "user": 4}}, {"model": "events.eventcomment", "pk": 17, "fields": {"content": "This will be the first comment in this section.", "created_at": "2024-03-25T08:52:09.399Z", "event": 4, "user": 1}}, {"model": "events.eventcomment", "pk": 19, "fields": {"content": "A great Italian event!", "created_at": "2024-03-25T14:36:08.705Z", "event": 3, "user": 1}}, {"model": "events.eventcomment", "pk": 20, "fields": {"content": "It was terrific.", "created_at": "2024-03-25T14:36:17.005Z", "event": 3, "user": 1}}, {"model": "events.eventcomment", "pk": 22, "fields": {"content": "Another comment here.", "created_at": "2024-03-31T13:28:27.277Z", "event": 4, "user": 4}}, {"model": "events.eventcomment", "pk": 26, "fields": {"content": "New comment 1", "created_at": "2024-04-03T10:20:35.349Z", "event": 7, "user": 1}}, {"model": "events.eventcomment", "pk": 27, "fields": {"content": "The first comment.", "created_at": "2024-04-03T13:37:12.740Z", "event": 10, "user": 1}}, {"model": "events.eventcomment", "pk": 28, "fields": {"content": "Here is a comment.", "created_at": "2024-04-09T01:59:36.445Z", "event": 9, "user": 6}}, {"model": "venues.venue", "pk": 2, "fields": {"name": "L'Atelier Culinaire Moderne", "location": "Paris, France", "capacity": 20, "description": "Located in the heart of Paris, this culinary school boasts a cutting-edge kitchen classroom designed for 20 students. Equipped with the latest in culinary technology, it offers an immersive learning experience, focusing on modern cooking techniques under the guidance of world-renowned chefs. The school emphasizes innovation and creativity in a professional setting, preparing students for a successful career in the culinary world.", "slug": "parisian-culinary-innovation-academy-18", "image": "venues_images/venue-1.jpeg"}}, {"model": "venues.venue", "pk": 3, "fields": {"name": "La Scuola Culinaria Storica", "location": "Florence, Italy", "capacity": 15, "description": "Nestled in Florence, this culinary school combines the charm of historic architecture with the efficiency of modern kitchen facilities. Accommodating 15 students, it offers a unique blend of traditional Italian cooking methods and contemporary culinary innovation, making it a perfect setting for aspiring chefs who appreciate the richness of culinary history while embracing modern techniques.", "slug": "la-scuola-culinaria-storica-15", "image": "venues_images/venue-2.jpeg"}}, {"model": "venues.venue", "pk": 4, "fields": {"name": "Le Jardin Culinaire de Provence", "location": "Provence, France", "capacity": 10, "description": "Situated in the lush countryside of Provence, France, this culinary school offers an outdoor classroom for 10 students, set within a vibrant garden. It focuses on farm-to-table cooking, teaching students to incorporate fresh, garden-picked ingredients into their dishes. This idyllic setting promotes a hands-on learning experience, emphasizing the connection between food, nature, and culinary creativity.", "slug": "le-jardin-culinaire-de-provence-10", "image": "venues_images/venue-3.jpeg"}}, {"model": "venues.venue", "pk": 5, "fields": {"name": "Studio Gastronomico Vanguardia", "location": "Barcelona, Spain", "capacity": 12, "description": "Located in Barcelona, Spain, this avant-garde culinary studio is designed for 12 students who are passionate about pushing the boundaries of traditional cuisine. It offers advanced equipment for exploring molecular gastronomy and innovative cooking techniques, under the guidance of chefs known for their experimental approach to food. This studio is a hub for creativity and culinary science.", "slug": "studio-gastronomico-vanguardia-12", "image": "venues_images/venue-4.jpeg"}}, {"model": "venues.venue", "pk": 6, "fields": {"name": "Weltk端che Workshop", "location": "Berlin, Germany", "capacity": 18, "description": "In the vibrant city of Berlin, this culinary workshop space accommodates 18 students and celebrates the diversity of world cuisines. It offers a colorful and dynamic environment where students can learn a variety of cooking traditions from around the globe, guided by expert instructors specializing in international cuisine. This school fosters a multicultural learning experience, enriching students' culinary skills and cultural understanding.", "slug": "weltkuche-workshop-18", "image": "venues_images/venue-5.jpeg"}}, {"model": "venues.venue", "pk": 7, "fields": {"name": "Sustainable Chef Academy", "location": "Amsterdam, Netherlands", "capacity": 15, "description": "Located in Amsterdam, this eco-friendly culinary school hosts 15 students and emphasizes sustainability in the kitchen. It features recycled materials, energy-efficient appliances, and a zero-waste policy, alongside a rooftop garden. The curriculum focuses on sustainable cooking practices and environmental stewardship, preparing students to make a positive impact in the culinary industry and beyond.", "slug": "sustainable-chef-academy-15", "image": "venues_images/venue-6.jpeg"}}, {"model": "chefs.chef", "pk": 1, "fields": {"name": "Chef Marco Bellini", "bio": "Chef Marco Bellini, born in the picturesque hills of Tuscany, Italy, has revolutionized the culinary world with his innovative fusion of traditional Italian and modern molecular gastronomy techniques. With a passion for fresh, locally-sourced ingredients, Chef Bellini's dishes are a symphony of flavors that pay homage to his Italian heritage while embracing contemporary culinary trends. His flagship restaurant, \"Aria di Mare,\" located in the heart of Florence, has earned three Michelin stars and is a testament to his dedication and creative prowess in the kitchen!", "primary_specialty": "italian_cuisine", "secondary_specialty": "molecular_gastronomy", "years_of_experience": 22, "slug": "chef-marco-bellini", "image": "chefs_images/chef-bellini.jpeg"}}, {"model": "chefs.chef", "pk": 2, "fields": {"name": "Chef Emil Dubois", "bio": "Chef Emil Dubois is a dynamic force in the European culinary scene, renowned for his innovative approach to Asian cuisine. Hailing from Lyon, France, Chef Dubois's culinary journey began in his family's bistro, where he developed a profound appreciation for fresh, local ingredients and the art of food presentation. After honing his skills at the prestigious Culinary Institute of Paris, Emil ventured to Japan and Thailand, where he immersed herself in Asian cooking techniques and flavors.", "primary_specialty": "asian_cuisine", "secondary_specialty": "seafood", "years_of_experience": 10, "slug": "chef-emil-dubois", "image": "chefs_images/chef-sushi.jpeg"}}, {"model": "chefs.chef", "pk": 3, "fields": {"name": "Chef Luca Rossi", "bio": "Chef Luca Rossi is an Italian street food maestro, whose vibrant food truck, \"Gusto di Strada,\" has become a staple on the bustling streets of Rome. With a flair for creating mouth-watering, authentic Italian street eats, Luca's journey began in the quaint alleys of Naples, where he grew up surrounded by the rich aromas and flavors of his family's trattoria. Inspired by Italy's diverse street food culture, he ventured across the country, learning regional recipes and techniques, from Sicilian arancini to Venetian cicchetti.", "primary_specialty": "italian_cuisine", "secondary_specialty": "health_and_nutrition", "years_of_experience": 8, "slug": "chef-luca-rossi", "image": "chefs_images/chef-pan.jpeg"}}, {"model": "chefs.chef", "pk": 4, "fields": {"name": "Chef Anakul Somchai", "bio": "Chef Anakul Somchai is a celebrated figure in the culinary world, known for his mastery in blending the rich tapestry of Thai flavors with innovative culinary techniques. Born and raised in the bustling streets of Bangkok, Thailand, Anakul's passion for cooking was ignited by the fragrant markets and vibrant food stalls that are the heartbeat of the city. Drawing inspiration from his family's traditional Thai recipes, he embarked on a journey to refine his craft, studying under various local masters and exploring the diverse culinary landscape of his homeland.", "primary_specialty": "asian_cuisine", "secondary_specialty": "fusion_cuisine", "years_of_experience": 15, "slug": "chef-anakul-somchai", "image": "chefs_images/chef-lettuce_nstVjpw.jpeg"}}, {"model": "chefs.chef", "pk": 5, "fields": {"name": "Chef Zoe Hamilton", "bio": "Chef Zoe Hamilton is a trailblazer in the UK seafood scene, known for her innovative approach to British coastal cuisine with a touch of global flavors. Growing up in Cornwall, surrounded by the rich marine life of the Atlantic, Zoe developed an early passion for seafood, learning the art of preparing and cooking fresh catch from her grandmother, a renowned local fishmonger. After studying culinary arts in London and honing her skills in some of the citys top seafood restaurants, Zoe decided to celebrate her heritage and passion by opening \"Sea Whisper,\" a restaurant in Bristol.", "primary_specialty": "seafood", "secondary_specialty": "farm_to_table", "years_of_experience": 7, "slug": "chef-zoe-hamilton", "image": "chefs_images/chef-fish_X3FVXDZ.jpeg"}}, {"model": "chefs.chef", "pk": 6, "fields": {"name": "Chef Sophia Martin", "bio": "Chef Sophia Martin is a visionary pastry chef and baker, celebrated for her exquisite fusion of vegetarian and vegan cuisine with traditional baking. Hailing from Melbourne, Australia, Sophia's culinary journey began in her family's kitchen, where she cultivated a deep appreciation for the flavors and textures of plant-based ingredients. Inspired to share her passion with the world, she trained at the esteemed Culinary Institute of Australia, where she refined her skills and developed a unique approach to baking and pastry arts.", "primary_specialty": "pastry_and_baking", "secondary_specialty": "vegetarian_and_vegan", "years_of_experience": 6, "slug": "chef-sophia-martin", "image": "chefs_images/chef-cons.jpeg"}}, {"model": "chefs.chef", "pk": 7, "fields": {"name": "Chef Maximilian Weber", "bio": "Chef Maximilian Weber, a groundbreaking German chef, has redefined the culinary landscape with his masterful fusion of traditional Mexican cuisine and classic BBQ techniques. Born in Munich, Maximilian's culinary journey began in the vibrant markets and smoky taquerias of Mexico City, where he spent several years immersing himself in the country's rich culinary traditions and learning from local maestros. Armed with a deep understanding of Mexican flavors and a passion for BBQ, Maximilian returned to Germany to introduce a novel culinary experience.", "primary_specialty": "bbq_and_grilling", "secondary_specialty": "mexican_cuisine", "years_of_experience": 11, "slug": "chef-maximilian-weber", "image": "chefs_images/chef-coffee.jpeg"}}, {"model": "chefs.chef", "pk": 8, "fields": {"name": "Chef Etienne Moreau", "bio": "Chef Etienne Moreau, hailing from the picturesque region of Provence, has become a culinary sensation known for his innovative fusion of traditional French cuisine with vibrant global flavors. With over 25 years of experience, Etienne's culinary journey began in his family's quaint bistro, where he mastered the art of Provencal cooking. His passion for exploring the world's diverse palate led him to travel extensively, incorporating exotic ingredients into classic French dishes.", "primary_specialty": "french_cuisine", "secondary_specialty": "fusion_cuisine", "years_of_experience": 25, "slug": "chef-etienne-moreau", "image": "chefs_images/chef-french.jpeg"}}, {"model": "occasions.occasion", "pk": 7, "fields": {"event": 1, "venue": 2, "chef": 2, "start_time": "2024-05-31T19:25:00Z", "end_time": "2024-05-31T22:30:00Z", "slug": "sushi-spectacular-the-art-of-rolling-presentation-latelier-culinaire-moderne-2024-03-30"}}, {"model": "occasions.occasion", "pk": 9, "fields": {"event": 1, "venue": 6, "chef": 4, "start_time": "2024-04-21T13:00:00Z", "end_time": "2024-04-21T18:00:00Z", "slug": "sushi-spectacular-the-art-of-rolling-presentation-weltkuche-workshop-2024-04-03"}}, {"model": "occasions.occasion", "pk": 11, "fields": {"event": 7, "venue": 4, "chef": 6, "start_time": "2024-04-19T15:30:00Z", "end_time": "2024-04-19T17:30:00Z", "slug": "chocolate-indulgence-a-tasting-journey-le-jardin-culinaire-de-provence-2024-04-06"}}, {"model": "occasions.occasion", "pk": 13, "fields": {"event": 10, "venue": 6, "chef": 7, "start_time": "2024-04-24T15:00:00Z", "end_time": "2024-04-24T19:00:00Z", "slug": "burger-masterclass-crafting-the-ultimate-burger-weltkuche-workshop-2024-04-24"}}, {"model": "occasions.occasion", "pk": 15, "fields": {"event": 4, "venue": 4, "chef": 8, "start_time": "2024-05-06T10:00:00Z", "end_time": "2024-05-06T15:00:00Z", "slug": "farm-to-fork-seasonal-cooking-with-local-produce-le-jardin-culinaire-de-provence-2024-05-06"}}, {"model": "occasions.occasion", "pk": 16, "fields": {"event": 6, "venue": 4, "chef": 8, "start_time": "2024-04-15T16:00:00Z", "end_time": "2024-04-15T19:00:00Z", "slug": "cheese-and-wine-pairing-experience-le-jardin-culinaire-de-provence-2024-04-15"}}, {"model": "occasions.seat", "pk": 109, "fields": {"occasion": 7, "seat_number": "1", "is_booked": false}}, {"model": "occasions.seat", "pk": 110, "fields": {"occasion": 7, "seat_number": "2", "is_booked": false}}, {"model": "occasions.seat", "pk": 111, "fields": {"occasion": 7, "seat_number": "3", "is_booked": false}}, {"model": "occasions.seat", "pk": 112, "fields": {"occasion": 7, "seat_number": "4", "is_booked": false}}, {"model": "occasions.seat", "pk": 113, "fields": {"occasion": 7, "seat_number": "5", "is_booked": false}}, {"model": "occasions.seat", "pk": 114, "fields": {"occasion": 7, "seat_number": "6", "is_booked": false}}, {"model": "occasions.seat", "pk": 115, "fields": {"occasion": 7, "seat_number": "7", "is_booked": false}}, {"model": "occasions.seat", "pk": 116, "fields": {"occasion": 7, "seat_number": "8", "is_booked": false}}, {"model": "occasions.seat", "pk": 117, "fields": {"occasion": 7, "seat_number": "9", "is_booked": false}}, {"model": "occasions.seat", "pk": 118, "fields": {"occasion": 7, "seat_number": "10", "is_booked": false}}, {"model": "occasions.seat", "pk": 119, "fields": {"occasion": 7, "seat_number": "11", "is_booked": false}}, {"model": "occasions.seat", "pk": 120, "fields": {"occasion": 7, "seat_number": "12", "is_booked": false}}, {"model": "occasions.seat", "pk": 121, "fields": {"occasion": 7, "seat_number": "13", "is_booked": false}}, {"model": "occasions.seat", "pk": 122, "fields": {"occasion": 7, "seat_number": "14", "is_booked": false}}, {"model": "occasions.seat", "pk": 123, "fields": {"occasion": 7, "seat_number": "15", "is_booked": false}}, {"model": "occasions.seat", "pk": 124, "fields": {"occasion": 7, "seat_number": "16", "is_booked": false}}, {"model": "occasions.seat", "pk": 125, "fields": {"occasion": 7, "seat_number": "17", "is_booked": false}}, {"model": "occasions.seat", "pk": 126, "fields": {"occasion": 7, "seat_number": "18", "is_booked": false}}, {"model": "occasions.seat", "pk": 127, "fields": {"occasion": 7, "seat_number": "19", "is_booked": false}}, {"model": "occasions.seat", "pk": 128, "fields": {"occasion": 7, "seat_number": "20", "is_booked": false}}, {"model": "occasions.seat", "pk": 144, "fields": {"occasion": 9, "seat_number": "1", "is_booked": true}}, {"model": "occasions.seat", "pk": 145, "fields": {"occasion": 9, "seat_number": "2", "is_booked": true}}, {"model": "occasions.seat", "pk": 146, "fields": {"occasion": 9, "seat_number": "3", "is_booked": true}}, {"model": "occasions.seat", "pk": 147, "fields": {"occasion": 9, "seat_number": "4", "is_booked": true}}, {"model": "occasions.seat", "pk": 148, "fields": {"occasion": 9, "seat_number": "5", "is_booked": true}}, {"model": "occasions.seat", "pk": 149, "fields": {"occasion": 9, "seat_number": "6", "is_booked": true}}, {"model": "occasions.seat", "pk": 150, "fields": {"occasion": 9, "seat_number": "7", "is_booked": true}}, {"model": "occasions.seat", "pk": 151, "fields": {"occasion": 9, "seat_number": "8", "is_booked": true}}, {"model": "occasions.seat", "pk": 152, "fields": {"occasion": 9, "seat_number": "9", "is_booked": true}}, {"model": "occasions.seat", "pk": 153, "fields": {"occasion": 9, "seat_number": "10", "is_booked": true}}, {"model": "occasions.seat", "pk": 154, "fields": {"occasion": 9, "seat_number": "11", "is_booked": true}}, {"model": "occasions.seat", "pk": 155, "fields": {"occasion": 9, "seat_number": "12", "is_booked": true}}, {"model": "occasions.seat", "pk": 156, "fields": {"occasion": 9, "seat_number": "13", "is_booked": true}}, {"model": "occasions.seat", "pk": 157, "fields": {"occasion": 9, "seat_number": "14", "is_booked": true}}, {"model": "occasions.seat", "pk": 158, "fields": {"occasion": 9, "seat_number": "15", "is_booked": true}}, {"model": "occasions.seat", "pk": 159, "fields": {"occasion": 9, "seat_number": "16", "is_booked": true}}, {"model": "occasions.seat", "pk": 160, "fields": {"occasion": 9, "seat_number": "17", "is_booked": true}}, {"model": "occasions.seat", "pk": 161, "fields": {"occasion": 9, "seat_number": "18", "is_booked": true}}, {"model": "occasions.seat", "pk": 174, "fields": {"occasion": 11, "seat_number": "1", "is_booked": true}}, {"model": "occasions.seat", "pk": 175, "fields": {"occasion": 11, "seat_number": "2", "is_booked": true}}, {"model": "occasions.seat", "pk": 176, "fields": {"occasion": 11, "seat_number": "3", "is_booked": true}}, {"model": "occasions.seat", "pk": 177, "fields": {"occasion": 11, "seat_number": "4", "is_booked": true}}, {"model": "occasions.seat", "pk": 178, "fields": {"occasion": 11, "seat_number": "5", "is_booked": true}}, {"model": "occasions.seat", "pk": 179, "fields": {"occasion": 11, "seat_number": "6", "is_booked": true}}, {"model": "occasions.seat", "pk": 180, "fields": {"occasion": 11, "seat_number": "7", "is_booked": true}}, {"model": "occasions.seat", "pk": 181, "fields": {"occasion": 11, "seat_number": "8", "is_booked": true}}, {"model": "occasions.seat", "pk": 182, "fields": {"occasion": 11, "seat_number": "9", "is_booked": true}}, {"model": "occasions.seat", "pk": 183, "fields": {"occasion": 11, "seat_number": "10", "is_booked": true}}, {"model": "occasions.seat", "pk": 196, "fields": {"occasion": 13, "seat_number": "1", "is_booked": false}}, {"model": "occasions.seat", "pk": 197, "fields": {"occasion": 13, "seat_number": "2", "is_booked": false}}, {"model": "occasions.seat", "pk": 198, "fields": {"occasion": 13, "seat_number": "3", "is_booked": false}}, {"model": "occasions.seat", "pk": 199, "fields": {"occasion": 13, "seat_number": "4", "is_booked": false}}, {"model": "occasions.seat", "pk": 200, "fields": {"occasion": 13, "seat_number": "5", "is_booked": false}}, {"model": "occasions.seat", "pk": 201, "fields": {"occasion": 13, "seat_number": "6", "is_booked": false}}, {"model": "occasions.seat", "pk": 202, "fields": {"occasion": 13, "seat_number": "7", "is_booked": false}}, {"model": "occasions.seat", "pk": 203, "fields": {"occasion": 13, "seat_number": "8", "is_booked": false}}, {"model": "occasions.seat", "pk": 204, "fields": {"occasion": 13, "seat_number": "9", "is_booked": false}}, {"model": "occasions.seat", "pk": 205, "fields": {"occasion": 13, "seat_number": "10", "is_booked": false}}, {"model": "occasions.seat", "pk": 206, "fields": {"occasion": 13, "seat_number": "11", "is_booked": false}}, {"model": "occasions.seat", "pk": 207, "fields": {"occasion": 13, "seat_number": "12", "is_booked": false}}, {"model": "occasions.seat", "pk": 208, "fields": {"occasion": 13, "seat_number": "13", "is_booked": false}}, {"model": "occasions.seat", "pk": 209, "fields": {"occasion": 13, "seat_number": "14", "is_booked": false}}, {"model": "occasions.seat", "pk": 210, "fields": {"occasion": 13, "seat_number": "15", "is_booked": false}}, {"model": "occasions.seat", "pk": 211, "fields": {"occasion": 13, "seat_number": "16", "is_booked": false}}, {"model": "occasions.seat", "pk": 212, "fields": {"occasion": 13, "seat_number": "17", "is_booked": false}}, {"model": "occasions.seat", "pk": 213, "fields": {"occasion": 13, "seat_number": "18", "is_booked": false}}, {"model": "occasions.seat", "pk": 224, "fields": {"occasion": 15, "seat_number": "1", "is_booked": false}}, {"model": "occasions.seat", "pk": 225, "fields": {"occasion": 15, "seat_number": "2", "is_booked": false}}, {"model": "occasions.seat", "pk": 226, "fields": {"occasion": 15, "seat_number": "3", "is_booked": false}}, {"model": "occasions.seat", "pk": 227, "fields": {"occasion": 15, "seat_number": "4", "is_booked": false}}, {"model": "occasions.seat", "pk": 228, "fields": {"occasion": 15, "seat_number": "5", "is_booked": false}}, {"model": "occasions.seat", "pk": 229, "fields": {"occasion": 15, "seat_number": "6", "is_booked": false}}, {"model": "occasions.seat", "pk": 230, "fields": {"occasion": 15, "seat_number": "7", "is_booked": false}}, {"model": "occasions.seat", "pk": 231, "fields": {"occasion": 15, "seat_number": "8", "is_booked": false}}, {"model": "occasions.seat", "pk": 232, "fields": {"occasion": 15, "seat_number": "9", "is_booked": false}}, {"model": "occasions.seat", "pk": 233, "fields": {"occasion": 15, "seat_number": "10", "is_booked": false}}, {"model": "occasions.seat", "pk": 234, "fields": {"occasion": 16, "seat_number": "1", "is_booked": true}}, {"model": "occasions.seat", "pk": 235, "fields": {"occasion": 16, "seat_number": "2", "is_booked": true}}, {"model": "occasions.seat", "pk": 236, "fields": {"occasion": 16, "seat_number": "3", "is_booked": true}}, {"model": "occasions.seat", "pk": 237, "fields": {"occasion": 16, "seat_number": "4", "is_booked": true}}, {"model": "occasions.seat", "pk": 238, "fields": {"occasion": 16, "seat_number": "5", "is_booked": false}}, {"model": "occasions.seat", "pk": 239, "fields": {"occasion": 16, "seat_number": "6", "is_booked": false}}, {"model": "occasions.seat", "pk": 240, "fields": {"occasion": 16, "seat_number": "7", "is_booked": false}}, {"model": "occasions.seat", "pk": 241, "fields": {"occasion": 16, "seat_number": "8", "is_booked": false}}, {"model": "occasions.seat", "pk": 242, "fields": {"occasion": 16, "seat_number": "9", "is_booked": false}}, {"model": "occasions.seat", "pk": 243, "fields": {"occasion": 16, "seat_number": "10", "is_booked": false}}, {"model": "bookings.booking", "pk": 13, "fields": {"occasion": 11, "user": 1, "booking_time": "2024-04-08T10:08:08.329Z", "number_of_tickets": 2, "type_of_tickets": null, "total_price": "1500.00", "reserved_seats": "1, 2", "is_completed": true}}, {"model": "bookings.booking", "pk": 14, "fields": {"occasion": 11, "user": 1, "booking_time": "2024-04-08T10:08:52.334Z", "number_of_tickets": 3, "type_of_tickets": null, "total_price": "3000.00", "reserved_seats": "3, 4, 5", "is_completed": true}}, {"model": "bookings.booking", "pk": 15, "fields": {"occasion": 11, "user": 1, "booking_time": "2024-04-08T10:09:57.940Z", "number_of_tickets": 5, "type_of_tickets": null, "total_price": "2500.00", "reserved_seats": "6, 7, 8, 9, 10", "is_completed": true}}, {"model": "bookings.booking", "pk": 16, "fields": {"occasion": 9, "user": 1, "booking_time": "2024-04-08T11:49:05.513Z", "number_of_tickets": 18, "type_of_tickets": null, "total_price": "7200.00", "reserved_seats": "1, 2, 3, 4, 5, 6, 7, 8, 9, 10, 11, 12, 13, 14, 15, 16, 17, 18", "is_completed": true}}, {"model": "bookings.booking", "pk": 17, "fields": {"occasion": 16, "user": 1, "booking_time": "2024-04-09T01:57:28.123Z", "number_of_tickets": 2, "type_of_tickets": null, "total_price": "500.00", "reserved_seats": "1, 2", "is_completed": true}}, {"model": "bookings.booking", "pk": 18, "fields": {"occasion": 16, "user": 6, "booking_time": "2024-04-09T01:58:23.638Z", "number_of_tickets": 2, "type_of_tickets": null, "total_price": "500.00", "reserved_seats": "3, 4", "is_completed": true}}, {"model": "tickets.ticket", "pk": 5, "fields": {"occasion": 11, "price": "1000.00", "ticket_type": "Regular"}}, {"model": "tickets.ticket", "pk": 6, "fields": {"occasion": 11, "price": "500.00", "ticket_type": "Student"}}, {"model": "tickets.ticket", "pk": 7, "fields": {"occasion": 9, "price": "400.00", "ticket_type": "Regular"}}, {"model": "tickets.ticket", "pk": 8, "fields": {"occasion": 16, "price": "250.00", "ticket_type": "VIP"}}]